{
    "Setupmaster": {
        "SubCategoryMaster": [
            {
                "lsfFacId": "436",
                "lsfCreatedBy": "ADMIN123",
                "lsfCreatedOn": "2025-01-10",
                "lsfFacActive": "Y",
                "lsfFacDesc": "Kisan Credit Card",
                "lsfFacNature": "OD",
                "lsfFacParentId": "426",
                "lsfFacType": "F",
                "lsfFacWeightage": "",
                "lsfModifiedBy": "ADMIN123",
                "lsfModifiedOn": "2025-01-10",
                "lsfBizVertical": "7",
                "lsfLoantype": "",
                "otherExistingExposure": ""
            },
            {
                "lsfFacId": "18",
                "lsfCreatedBy": "AGRI01",
                "lsfCreatedOn": "2022-12-13",
                "lsfFacActive": "Y",
                "lsfFacDesc": "Agriculture term loan-Jewellery-AGTAJ",
                "lsfFacNature": "TL",
                "lsfFacParentId": "17",
                "lsfFacType": "AGTAJ",
                "lsfFacWeightage": "0",
                "lsfModifiedBy": "ADMIN03",
                "lsfModifiedOn": "2023-02-14",
                "lsfBizVertical": "7",
                "lsfLoantype": "",
                "otherExistingExposure": ""
            },
            {
                "lsfFacId": "20",
                "lsfCreatedBy": "AGRI01",
                "lsfCreatedOn": "2022-12-13",
                "lsfFacActive": "Y",
                "lsfFacDesc": "KCC-Jewel Loan-KCCJL",
                "lsfFacNature": "OD",
                "lsfFacParentId": "17",
                "lsfFacType": "F",
                "lsfFacWeightage": "0",
                "lsfModifiedBy": "AGRI01",
                "lsfModifiedOn": "2023-01-06",
                "lsfBizVertical": "7",
                "lsfLoantype": "",
                "otherExistingExposure": ""
            },
            {
                "lsfFacId": "117",
                "lsfCreatedBy": "ADMIN01",
                "lsfCreatedOn": "2023-04-12",
                "lsfFacActive": "Y",
                "lsfFacDesc": "New Vehicle",
                "lsfFacNature": "TL",
                "lsfFacParentId": "116",
                "lsfFacType": "F",
                "lsfFacWeightage": "",
                "lsfModifiedBy": "ADMIN01",
                "lsfModifiedOn": "2023-04-12",
                "lsfBizVertical": "7",
                "lsfLoantype": "",
                "otherExistingExposure": ""
            },
            {
                "lsfFacId": "118",
                "lsfCreatedBy": "ADMIN01",
                "lsfCreatedOn": "2023-04-12",
                "lsfFacActive": "Y",
                "lsfFacDesc": "Old Vehicle",
                "lsfFacNature": "TL",
                "lsfFacParentId": "116",
                "lsfFacType": "F",
                "lsfFacWeightage": "",
                "lsfModifiedBy": "ADMIN01",
                "lsfModifiedOn": "2023-04-12",
                "lsfBizVertical": "7",
                "lsfLoantype": "",
                "otherExistingExposure": ""
            },
            {
                "lsfFacId": "129",
                "lsfCreatedBy": "ADMIN03",
                "lsfCreatedOn": "2023-05-17",
                "lsfFacActive": "Y",
                "lsfFacDesc": "AGTAJ",
                "lsfFacNature": "TL",
                "lsfFacParentId": "128",
                "lsfFacType": "F",
                "lsfFacWeightage": "",
                "lsfModifiedBy": "ADMIN03",
                "lsfModifiedOn": "2023-05-17",
                "lsfBizVertical": "7",
                "lsfLoantype": "",
                "otherExistingExposure": ""
            },
            {
                "lsfFacId": "130",
                "lsfCreatedBy": "ADMIN03",
                "lsfCreatedOn": "2023-05-17",
                "lsfFacActive": "Y",
                "lsfFacDesc": "KCCJL",
                "lsfFacNature": "OD",
                "lsfFacParentId": "128",
                "lsfFacType": "F",
                "lsfFacWeightage": "",
                "lsfModifiedBy": "ADMIN03",
                "lsfModifiedOn": "2023-05-17",
                "lsfBizVertical": "7",
                "lsfLoantype": "",
                "otherExistingExposure": ""
            },
            {
                "lsfFacId": "137",
                "lsfCreatedBy": "ADMIN04",
                "lsfCreatedOn": "2023-06-01",
                "lsfFacActive": "Y",
                "lsfFacDesc": "Dairy Farming Term Loan",
                "lsfFacNature": "TL",
                "lsfFacParentId": "136",
                "lsfFacType": "F",
                "lsfFacWeightage": "",
                "lsfModifiedBy": "ADMIN04",
                "lsfModifiedOn": "2023-06-01",
                "lsfBizVertical": "7",
                "lsfLoantype": "",
                "otherExistingExposure": ""
            },
            {
                "lsfFacId": "148",
                "lsfCreatedBy": "ADMIN02",
                "lsfCreatedOn": "2023-06-27",
                "lsfFacActive": "Y",
                "lsfFacDesc": "NULM Group Term Loan",
                "lsfFacNature": "TL",
                "lsfFacParentId": "147",
                "lsfFacType": "F",
                "lsfFacWeightage": "",
                "lsfModifiedBy": "ADMIN02",
                "lsfModifiedOn": "2023-06-27",
                "lsfBizVertical": "7",
                "lsfLoantype": "",
                "otherExistingExposure": ""
            },
            {
                "lsfFacId": "149",
                "lsfCreatedBy": "ADMIN02",
                "lsfCreatedOn": "2023-06-27",
                "lsfFacActive": "Y",
                "lsfFacDesc": "NULM Group Working Capital",
                "lsfFacNature": "CC",
                "lsfFacParentId": "147",
                "lsfFacType": "F",
                "lsfFacWeightage": "",
                "lsfModifiedBy": "ADMIN02",
                "lsfModifiedOn": "2023-06-27",
                "lsfBizVertical": "7",
                "lsfLoantype": "",
                "otherExistingExposure": ""
            },
            {
                "lsfFacId": "151",
                "lsfCreatedBy": "ADMIN02",
                "lsfCreatedOn": "2023-06-27",
                "lsfFacActive": "Y",
                "lsfFacDesc": "NULM -SHGs Term Loan",
                "lsfFacNature": "TL",
                "lsfFacParentId": "150",
                "lsfFacType": "F",
                "lsfFacWeightage": "",
                "lsfModifiedBy": "ADMIN02",
                "lsfModifiedOn": "2023-06-27",
                "lsfBizVertical": "7",
                "lsfLoantype": "",
                "otherExistingExposure": ""
            },
            {
                "lsfFacId": "152",
                "lsfCreatedBy": "ADMIN02",
                "lsfCreatedOn": "2023-06-27",
                "lsfFacActive": "Y",
                "lsfFacDesc": "NULM -SHGs Working Capital",
                "lsfFacNature": "CC",
                "lsfFacParentId": "150",
                "lsfFacType": "F",
                "lsfFacWeightage": "",
                "lsfModifiedBy": "ADMIN02",
                "lsfModifiedOn": "2023-06-27",
                "lsfBizVertical": "7",
                "lsfLoantype": "",
                "otherExistingExposure": ""
            },
            {
                "lsfFacId": "154",
                "lsfCreatedBy": "ADMIN02",
                "lsfCreatedOn": "2023-06-27",
                "lsfFacActive": "Y",
                "lsfFacDesc": "NRLM Term Loan",
                "lsfFacNature": "TL",
                "lsfFacParentId": "153",
                "lsfFacType": "F",
                "lsfFacWeightage": "",
                "lsfModifiedBy": "ADMIN02",
                "lsfModifiedOn": "2023-06-27",
                "lsfBizVertical": "7",
                "lsfLoantype": "",
                "otherExistingExposure": ""
            },
            {
                "lsfFacId": "158",
                "lsfCreatedBy": "ADMIN02",
                "lsfCreatedOn": "2023-06-27",
                "lsfFacActive": "Y",
                "lsfFacDesc": "SHGLK Working Capital",
                "lsfFacNature": "OD",
                "lsfFacParentId": "156",
                "lsfFacType": "F",
                "lsfFacWeightage": "",
                "lsfModifiedBy": "ADMIN02",
                "lsfModifiedOn": "2023-09-01",
                "lsfBizVertical": "7",
                "lsfLoantype": "",
                "otherExistingExposure": ""
            },
            {
                "lsfFacId": "155",
                "lsfCreatedBy": "ADMIN02",
                "lsfCreatedOn": "2023-06-27",
                "lsfFacActive": "Y",
                "lsfFacDesc": "NRLM Working Capital",
                "lsfFacNature": "CC",
                "lsfFacParentId": "153",
                "lsfFacType": "F",
                "lsfFacWeightage": "",
                "lsfModifiedBy": "ADMIN02",
                "lsfModifiedOn": "2023-06-27",
                "lsfBizVertical": "7",
                "lsfLoantype": "",
                "otherExistingExposure": ""
            },
            {
                "lsfFacId": "160",
                "lsfCreatedBy": "ADMIN01",
                "lsfCreatedOn": "2023-10-10",
                "lsfFacActive": "Y",
                "lsfFacDesc": "Farm Mechanisation Term Loan",
                "lsfFacNature": "TL",
                "lsfFacParentId": "159",
                "lsfFacType": "F",
                "lsfFacWeightage": "",
                "lsfModifiedBy": "ADMIN01",
                "lsfModifiedOn": "2023-10-10",
                "lsfBizVertical": "7",
                "lsfLoantype": "",
                "otherExistingExposure": ""
            },
            {
                "lsfFacId": "163",
                "lsfCreatedBy": "ADMIN02",
                "lsfCreatedOn": "2023-10-11",
                "lsfFacActive": "Y",
                "lsfFacDesc": "WareHouse Working Capital",
                "lsfFacNature": "OD",
                "lsfFacParentId": "161",
                "lsfFacType": "F",
                "lsfFacWeightage": "",
                "lsfModifiedBy": "ADMIN02",
                "lsfModifiedOn": "2023-10-11",
                "lsfBizVertical": "7",
                "lsfLoantype": "",
                "otherExistingExposure": ""
            },
            {
                "lsfFacId": "167",
                "lsfCreatedBy": "ADMIN02",
                "lsfCreatedOn": "2023-11-08",
                "lsfFacActive": "Y",
                "lsfFacDesc": "Term Loan",
                "lsfFacNature": "TL",
                "lsfFacParentId": "166",
                "lsfFacType": "F",
                "lsfFacWeightage": "",
                "lsfModifiedBy": "ADMIN02",
                "lsfModifiedOn": "2023-11-08",
                "lsfBizVertical": "7",
                "lsfLoantype": "",
                "otherExistingExposure": ""
            },
            {
                "lsfFacId": "187",
                "lsfCreatedBy": "ADMIN05",
                "lsfCreatedOn": "2023-12-14",
                "lsfFacActive": "Y",
                "lsfFacDesc": "Term Loan",
                "lsfFacNature": "TL",
                "lsfFacParentId": "173",
                "lsfFacType": "F",
                "lsfFacWeightage": "",
                "lsfModifiedBy": "ADMIN05",
                "lsfModifiedOn": "2023-12-14",
                "lsfBizVertical": "7",
                "lsfLoantype": "",
                "otherExistingExposure": ""
            },
            {
                "lsfFacId": "187",
                "lsfCreatedBy": "ADMIN05",
                "lsfCreatedOn": "2023-12-14",
                "lsfFacActive": "Y",
                "lsfFacDesc": "Term Loan",
                "lsfFacNature": "TL",
                "lsfFacParentId": "173",
                "lsfFacType": "F",
                "lsfFacWeightage": "",
                "lsfModifiedBy": "ADMIN05",
                "lsfModifiedOn": "2023-12-14",
                "lsfBizVertical": "7",
                "lsfLoantype": "",
                "otherExistingExposure": ""
            },
            {
                "lsfFacId": "188",
                "lsfCreatedBy": "ADMIN05",
                "lsfCreatedOn": "2023-12-14",
                "lsfFacActive": "Y",
                "lsfFacDesc": "Working Capital",
                "lsfFacNature": "CC",
                "lsfFacParentId": "173",
                "lsfFacType": "F",
                "lsfFacWeightage": "",
                "lsfModifiedBy": "ADMIN05",
                "lsfModifiedOn": "2023-12-14",
                "lsfBizVertical": "7",
                "lsfLoantype": "",
                "otherExistingExposure": ""
            },
            {
                "lsfFacId": "281",
                "lsfCreatedBy": "ADMIN04",
                "lsfCreatedOn": "2024-01-10",
                "lsfFacActive": "Y",
                "lsfFacDesc": "Swarna Samridhi",
                "lsfFacNature": "TL",
                "lsfFacParentId": "128",
                "lsfFacType": "F",
                "lsfFacWeightage": "",
                "lsfModifiedBy": "ADMIN04",
                "lsfModifiedOn": "2024-01-10",
                "lsfBizVertical": "7",
                "lsfLoantype": "",
                "otherExistingExposure": ""
            },
            {
                "lsfFacId": "332",
                "lsfCreatedBy": "ADMIN02",
                "lsfCreatedOn": "2024-04-05",
                "lsfFacActive": "Y",
                "lsfFacDesc": "Term Loan",
                "lsfFacNature": "TL",
                "lsfFacParentId": "331",
                "lsfFacType": "F",
                "lsfFacWeightage": "",
                "lsfModifiedBy": "ADMIN02",
                "lsfModifiedOn": "2024-04-05",
                "lsfBizVertical": "7",
                "lsfLoantype": "",
                "otherExistingExposure": ""
            },
            {
                "lsfFacId": "333",
                "lsfCreatedBy": "ADMIN02",
                "lsfCreatedOn": "2024-04-05",
                "lsfFacActive": "Y",
                "lsfFacDesc": "Working Capital",
                "lsfFacNature": "CC",
                "lsfFacParentId": "331",
                "lsfFacType": "F",
                "lsfFacWeightage": "",
                "lsfModifiedBy": "ADMIN02",
                "lsfModifiedOn": "2024-04-05",
                "lsfBizVertical": "7",
                "lsfLoantype": "",
                "otherExistingExposure": ""
            },
            {
                "lsfFacId": "335",
                "lsfCreatedBy": "ADMIN02",
                "lsfCreatedOn": "2024-04-17",
                "lsfFacActive": "Y",
                "lsfFacDesc": "Term Loan",
                "lsfFacNature": "TL",
                "lsfFacParentId": "334",
                "lsfFacType": "F",
                "lsfFacWeightage": "",
                "lsfModifiedBy": "ADMIN02",
                "lsfModifiedOn": "2024-04-17",
                "lsfBizVertical": "7",
                "lsfLoantype": "",
                "otherExistingExposure": ""
            },
            {
                "lsfFacId": "336",
                "lsfCreatedBy": "ADMIN02",
                "lsfCreatedOn": "2024-04-17",
                "lsfFacActive": "Y",
                "lsfFacDesc": "Working Capital",
                "lsfFacNature": "CC",
                "lsfFacParentId": "334",
                "lsfFacType": "F",
                "lsfFacWeightage": "",
                "lsfModifiedBy": "ADMIN02",
                "lsfModifiedOn": "2024-04-17",
                "lsfBizVertical": "7",
                "lsfLoantype": "",
                "otherExistingExposure": ""
            },
            {
                "lsfFacId": "348",
                "lsfCreatedBy": "ADMIN01",
                "lsfCreatedOn": "2024-05-30",
                "lsfFacActive": "Y",
                "lsfFacDesc": "Krishi Saral Term Loan",
                "lsfFacNature": "TL",
                "lsfFacParentId": "347",
                "lsfFacType": "F",
                "lsfFacWeightage": "",
                "lsfModifiedBy": "ADMIN01",
                "lsfModifiedOn": "2024-05-30",
                "lsfBizVertical": "7",
                "lsfLoantype": "",
                "otherExistingExposure": ""
            },
            {
                "lsfFacId": "349",
                "lsfCreatedBy": "ADMIN01",
                "lsfCreatedOn": "2024-05-30",
                "lsfFacActive": "Y",
                "lsfFacDesc": "Krishi Saral Working Capital",
                "lsfFacNature": "CC",
                "lsfFacParentId": "347",
                "lsfFacType": "F",
                "lsfFacWeightage": "",
                "lsfModifiedBy": "ADMIN01",
                "lsfModifiedOn": "2024-05-30",
                "lsfBizVertical": "7",
                "lsfLoantype": "",
                "otherExistingExposure": ""
            },
            {
                "lsfFacId": "357",
                "lsfCreatedBy": "ADMIN02",
                "lsfCreatedOn": "2024-07-02",
                "lsfFacActive": "Y",
                "lsfFacDesc": "Term Loan",
                "lsfFacNature": "TL",
                "lsfFacParentId": "356",
                "lsfFacType": "F",
                "lsfFacWeightage": "",
                "lsfModifiedBy": "ADMIN02",
                "lsfModifiedOn": "2024-07-02",
                "lsfBizVertical": "7",
                "lsfLoantype": "",
                "otherExistingExposure": ""
            },
            {
                "lsfFacId": "358",
                "lsfCreatedBy": "ADMIN02",
                "lsfCreatedOn": "2024-07-02",
                "lsfFacActive": "Y",
                "lsfFacDesc": "Working Capital",
                "lsfFacNature": "CC",
                "lsfFacParentId": "356",
                "lsfFacType": "F",
                "lsfFacWeightage": "",
                "lsfModifiedBy": "ADMIN02",
                "lsfModifiedOn": "2024-07-02",
                "lsfBizVertical": "7",
                "lsfLoantype": "",
                "otherExistingExposure": ""
            },
            {
                "lsfFacId": "359",
                "lsfCreatedBy": "ADMIN02",
                "lsfCreatedOn": "2024-07-02",
                "lsfFacActive": "Y",
                "lsfFacDesc": "Letter of Credits",
                "lsfFacNature": "CC",
                "lsfFacParentId": "356",
                "lsfFacType": "NF",
                "lsfFacWeightage": "0",
                "lsfModifiedBy": "ADMIN02",
                "lsfModifiedOn": "2024-07-02",
                "lsfBizVertical": "7",
                "lsfLoantype": "",
                "otherExistingExposure": ""
            },
            {
                "lsfFacId": "372",
                "lsfCreatedBy": "AGRI01",
                "lsfCreatedOn": "2024-09-09",
                "lsfFacActive": "Y",
                "lsfFacDesc": "FPO Working Capital",
                "lsfFacNature": "CC",
                "lsfFacParentId": "369",
                "lsfFacType": "F",
                "lsfFacWeightage": "",
                "lsfModifiedBy": "AGRI01",
                "lsfModifiedOn": "2024-09-09",
                "lsfBizVertical": "7",
                "lsfLoantype": "",
                "otherExistingExposure": ""
            },
            {
                "lsfFacId": "371",
                "lsfCreatedBy": "AGRI01",
                "lsfCreatedOn": "2024-09-09",
                "lsfFacActive": "Y",
                "lsfFacDesc": "FPO Term Loan",
                "lsfFacNature": "TL",
                "lsfFacParentId": "369",
                "lsfFacType": "F",
                "lsfFacWeightage": "",
                "lsfModifiedBy": "AGRI01",
                "lsfModifiedOn": "2024-09-09",
                "lsfBizVertical": "7",
                "lsfLoantype": "",
                "otherExistingExposure": ""
            },
            {
                "lsfFacId": "376",
                "lsfCreatedBy": "AGRI01",
                "lsfCreatedOn": "2024-10-14",
                "lsfFacActive": "Y",
                "lsfFacDesc": "Poultry Working Capital",
                "lsfFacNature": "CC",
                "lsfFacParentId": "374",
                "lsfFacType": "APL",
                "lsfFacWeightage": "",
                "lsfModifiedBy": "AGRI01",
                "lsfModifiedOn": "2024-10-14",
                "lsfBizVertical": "7",
                "lsfLoantype": "",
                "otherExistingExposure": ""
            },
            {
                "lsfFacId": "375",
                "lsfCreatedBy": "AGRI01",
                "lsfCreatedOn": "2024-10-14",
                "lsfFacActive": "Y",
                "lsfFacDesc": "Poultry Term loan",
                "lsfFacNature": "TL",
                "lsfFacParentId": "374",
                "lsfFacType": "APL",
                "lsfFacWeightage": "0",
                "lsfModifiedBy": "AGRI01",
                "lsfModifiedOn": "2024-11-12",
                "lsfBizVertical": "7",
                "lsfLoantype": "",
                "otherExistingExposure": ""
            },
            {
                "lsfFacId": "378",
                "lsfCreatedBy": "AGRI01",
                "lsfCreatedOn": "2024-11-11",
                "lsfFacActive": "Y",
                "lsfFacDesc": "Krishi saral TL",
                "lsfFacNature": "TL",
                "lsfFacParentId": "377",
                "lsfFacType": "F",
                "lsfFacWeightage": "",
                "lsfModifiedBy": "AGRI01",
                "lsfModifiedOn": "2024-11-11",
                "lsfBizVertical": "7",
                "lsfLoantype": "",
                "otherExistingExposure": ""
            },
            {
                "lsfFacId": "432",
                "lsfCreatedBy": "ADMIN123",
                "lsfCreatedOn": "2025-01-08",
                "lsfFacActive": "Y",
                "lsfFacDesc": "Test Agri Sub Facility",
                "lsfFacNature": "CC",
                "lsfFacParentId": "431",
                "lsfFacType": "NF",
                "lsfFacWeightage": "12",
                "lsfModifiedBy": "ADMIN123",
                "lsfModifiedOn": "2025-01-08",
                "lsfBizVertical": "7",
                "lsfLoantype": "",
                "otherExistingExposure": ""
            },
            {
                "lsfFacId": "75428",
                "lsfCreatedBy": "ADMIN123",
                "lsfCreatedOn": "2025-04-21",
                "lsfFacActive": "Y",
                "lsfFacDesc": "Term Loan",
                "lsfFacNature": "TL",
                "lsfFacParentId": "75427",
                "lsfFacType": "AIF",
                "lsfFacWeightage": "",
                "lsfModifiedBy": "ADMIN123",
                "lsfModifiedOn": "2025-04-21",
                "lsfBizVertical": "7",
                "lsfLoantype": "",
                "otherExistingExposure": ""
            },
            {
                "lsfFacId": "357",
                "lsfCreatedBy": "ADMIN02",
                "lsfCreatedOn": "2024-07-02",
                "lsfFacActive": "Y",
                "lsfFacDesc": "Term Loan",
                "lsfFacNature": "TL",
                "lsfFacParentId": "356",
                "lsfFacType": "F",
                "lsfFacWeightage": "",
                "lsfModifiedBy": "ADMIN02",
                "lsfModifiedOn": "2024-07-02",
                "lsfBizVertical": "7",
                "lsfLoantype": "",
                "otherExistingExposure": ""
            },
            {
                "lsfFacId": "464",
                "lsfCreatedBy": "IOB3",
                "lsfCreatedOn": "2025-02-25",
                "lsfFacActive": "Y",
                "lsfFacDesc": "ENWR - Small  Marginal Farmers",
                "lsfFacNature": "TL",
                "lsfFacParentId": "463",
                "lsfFacType": "F",
                "lsfFacWeightage": "",
                "lsfModifiedBy": "IOB3",
                "lsfModifiedOn": "2025-02-25",
                "lsfBizVertical": "7",
                "lsfLoantype": "",
                "otherExistingExposure": ""
            },
            {
                "lsfFacId": "75440",
                "lsfCreatedBy": "ADMIN123",
                "lsfCreatedOn": "2025-05-08",
                "lsfFacActive": "Y",
                "lsfFacDesc": "Plantation TL",
                "lsfFacNature": "TL",
                "lsfFacParentId": "75439",
                "lsfFacType": "HTC",
                "lsfFacWeightage": "",
                "lsfModifiedBy": "ADMIN123",
                "lsfModifiedOn": "2025-05-08",
                "lsfBizVertical": "7",
                "lsfLoantype": "",
                "otherExistingExposure": ""
            },
            {
                "lsfFacId": "461",
                "lsfCreatedBy": "AGRI1123",
                "lsfCreatedOn": "2025-02-20",
                "lsfFacActive": "Y",
                "lsfFacDesc": "Animal Husbandry TL",
                "lsfFacNature": "TL",
                "lsfFacParentId": "460",
                "lsfFacType": "AAAH",
                "lsfFacWeightage": "",
                "lsfModifiedBy": "AGRI1123",
                "lsfModifiedOn": "2025-02-20",
                "lsfBizVertical": "7",
                "lsfLoantype": "",
                "otherExistingExposure": ""
            },
            {
                "lsfFacId": "436",
                "lsfCreatedBy": "ADMIN123",
                "lsfCreatedOn": "2025-01-10",
                "lsfFacActive": "Y",
                "lsfFacDesc": "Kisan Credit Card",
                "lsfFacNature": "OD",
                "lsfFacParentId": "426",
                "lsfFacType": "F",
                "lsfFacWeightage": "",
                "lsfModifiedBy": "ADMIN123",
                "lsfModifiedOn": "2025-01-10",
                "lsfBizVertical": "7",
                "lsfLoantype": "",
                "otherExistingExposure": ""
            },
            {
                "lsfFacId": "75429",
                "lsfCreatedBy": "ADMIN123",
                "lsfCreatedOn": "2025-04-21",
                "lsfFacActive": "Y",
                "lsfFacDesc": "Working Capital",
                "lsfFacNature": "CC",
                "lsfFacParentId": "75427",
                "lsfFacType": "AIF",
                "lsfFacWeightage": "",
                "lsfModifiedBy": "ADMIN123",
                "lsfModifiedOn": "2025-04-21",
                "lsfBizVertical": "7",
                "lsfLoantype": "",
                "otherExistingExposure": ""
            },
            {
                "lsfFacId": "8",
                "lsfCreatedBy": "AGRI01",
                "lsfCreatedOn": "2022-06-29",
                "lsfFacActive": "Y",
                "lsfFacDesc": "Kisan Credit Card",
                "lsfFacNature": "OD",
                "lsfFacParentId": "7",
                "lsfFacType": "F",
                "lsfFacWeightage": "0",
                "lsfModifiedBy": "AGRI01",
                "lsfModifiedOn": "2022-10-18",
                "lsfBizVertical": "7",
                "lsfLoantype": "",
                "otherExistingExposure": ""
            },
            {
                "lsfFacId": "465",
                "lsfCreatedBy": "IOB3",
                "lsfCreatedOn": "2025-02-25",
                "lsfFacActive": "Y",
                "lsfFacDesc": "ENWR - Others Farmers",
                "lsfFacNature": "TL",
                "lsfFacParentId": "463",
                "lsfFacType": "F",
                "lsfFacWeightage": "",
                "lsfModifiedBy": "IOB3",
                "lsfModifiedOn": "2025-02-25",
                "lsfBizVertical": "7",
                "lsfLoantype": "",
                "otherExistingExposure": ""
            },
            {
                "lsfFacId": "462",
                "lsfCreatedBy": "AGRI1123",
                "lsfCreatedOn": "2025-02-20",
                "lsfFacActive": "Y",
                "lsfFacDesc": "Animal Husbandry Working Capital",
                "lsfFacNature": "CC",
                "lsfFacParentId": "460",
                "lsfFacType": "AAAH",
                "lsfFacWeightage": "",
                "lsfModifiedBy": "AGRI1123",
                "lsfModifiedOn": "2025-02-20",
                "lsfBizVertical": "7",
                "lsfLoantype": "",
                "otherExistingExposure": ""
            }
        ],
        "MainCategoryMaster": [
            {
                "lsfFacId": "426",
                "lsfCreatedBy": "admin",
                "lsfCreatedOn": "2025-01-06",
                "lsfFacActive": "Y",
                "lsfFacDesc": "Kisan Credit Card",
                "lsfFacNature": "s",
                "lsfFacParentId": "0",
                "lsfFacType": "KCC",
                "lsfFacWeightage": "",
                "lsfModifiedBy": "admin",
                "lsfModifiedOn": "2025-01-06",
                "lsfBizVertical": "7",
                "lsfLoantype": "",
                "otherExistingExposure": ""
            },
            {
                "lsfFacId": "17",
                "lsfCreatedBy": "AGRI01",
                "lsfCreatedOn": "2022-12-13",
                "lsfFacActive": "Y",
                "lsfFacDesc": "Agri Jewel Loan",
                "lsfFacNature": "s",
                "lsfFacParentId": "0",
                "lsfFacType": "AJL",
                "lsfFacWeightage": "",
                "lsfModifiedBy": "AGRI01",
                "lsfModifiedOn": "2022-12-13",
                "lsfBizVertical": "7",
                "lsfLoantype": "",
                "otherExistingExposure": ""
            },
            {
                "lsfFacId": "17",
                "lsfCreatedBy": "AGRI01",
                "lsfCreatedOn": "2022-12-13",
                "lsfFacActive": "Y",
                "lsfFacDesc": "Agri Jewel Loan",
                "lsfFacNature": "s",
                "lsfFacParentId": "0",
                "lsfFacType": "AJL",
                "lsfFacWeightage": "",
                "lsfModifiedBy": "AGRI01",
                "lsfModifiedOn": "2022-12-13",
                "lsfBizVertical": "7",
                "lsfLoantype": "",
                "otherExistingExposure": ""
            },
            {
                "lsfFacId": "116",
                "lsfCreatedBy": "ADMIN01",
                "lsfCreatedOn": "2023-04-12",
                "lsfFacActive": "Y",
                "lsfFacDesc": "AGRI Transport Loan",
                "lsfFacNature": "s",
                "lsfFacParentId": "0",
                "lsfFacType": "ATL",
                "lsfFacWeightage": "",
                "lsfModifiedBy": "ADMIN01",
                "lsfModifiedOn": "2023-04-12",
                "lsfBizVertical": "7",
                "lsfLoantype": "",
                "otherExistingExposure": ""
            },
            {
                "lsfFacId": "116",
                "lsfCreatedBy": "ADMIN01",
                "lsfCreatedOn": "2023-04-12",
                "lsfFacActive": "Y",
                "lsfFacDesc": "AGRI Transport Loan",
                "lsfFacNature": "s",
                "lsfFacParentId": "0",
                "lsfFacType": "ATL",
                "lsfFacWeightage": "",
                "lsfModifiedBy": "ADMIN01",
                "lsfModifiedOn": "2023-04-12",
                "lsfBizVertical": "7",
                "lsfLoantype": "",
                "otherExistingExposure": ""
            },
            {
                "lsfFacId": "128",
                "lsfCreatedBy": "ADMIN03",
                "lsfCreatedOn": "2023-05-17",
                "lsfFacActive": "Y",
                "lsfFacDesc": "Jewel Loan",
                "lsfFacNature": "s",
                "lsfFacParentId": "0",
                "lsfFacType": "SJL",
                "lsfFacWeightage": "",
                "lsfModifiedBy": "ADMIN03",
                "lsfModifiedOn": "2023-05-17",
                "lsfBizVertical": "7",
                "lsfLoantype": "",
                "otherExistingExposure": ""
            },
            {
                "lsfFacId": "128",
                "lsfCreatedBy": "ADMIN03",
                "lsfCreatedOn": "2023-05-17",
                "lsfFacActive": "Y",
                "lsfFacDesc": "Jewel Loan",
                "lsfFacNature": "s",
                "lsfFacParentId": "0",
                "lsfFacType": "SJL",
                "lsfFacWeightage": "",
                "lsfModifiedBy": "ADMIN03",
                "lsfModifiedOn": "2023-05-17",
                "lsfBizVertical": "7",
                "lsfLoantype": "",
                "otherExistingExposure": ""
            },
            {
                "lsfFacId": "136",
                "lsfCreatedBy": "ADMIN04",
                "lsfCreatedOn": "2023-06-01",
                "lsfFacActive": "Y",
                "lsfFacDesc": "AGRI Dairy Farming",
                "lsfFacNature": "s",
                "lsfFacParentId": "0",
                "lsfFacType": "AAD",
                "lsfFacWeightage": "",
                "lsfModifiedBy": "ADMIN04",
                "lsfModifiedOn": "2023-06-01",
                "lsfBizVertical": "7",
                "lsfLoantype": "",
                "otherExistingExposure": ""
            },
            {
                "lsfFacId": "147",
                "lsfCreatedBy": "ADMIN02",
                "lsfCreatedOn": "2023-06-27",
                "lsfFacActive": "Y",
                "lsfFacDesc": "NULM Group",
                "lsfFacNature": "s",
                "lsfFacParentId": "0",
                "lsfFacType": "SHG",
                "lsfFacWeightage": "",
                "lsfModifiedBy": "ADMIN02",
                "lsfModifiedOn": "2023-06-27",
                "lsfBizVertical": "7",
                "lsfLoantype": "SHG",
                "otherExistingExposure": ""
            },
            {
                "lsfFacId": "147",
                "lsfCreatedBy": "ADMIN02",
                "lsfCreatedOn": "2023-06-27",
                "lsfFacActive": "Y",
                "lsfFacDesc": "NULM Group",
                "lsfFacNature": "s",
                "lsfFacParentId": "0",
                "lsfFacType": "SHG",
                "lsfFacWeightage": "",
                "lsfModifiedBy": "ADMIN02",
                "lsfModifiedOn": "2023-06-27",
                "lsfBizVertical": "7",
                "lsfLoantype": "SHG",
                "otherExistingExposure": ""
            },
            {
                "lsfFacId": "150",
                "lsfCreatedBy": "ADMIN02",
                "lsfCreatedOn": "2023-06-27",
                "lsfFacActive": "Y",
                "lsfFacDesc": "NULM -SHGs",
                "lsfFacNature": "s",
                "lsfFacParentId": "0",
                "lsfFacType": "SHG",
                "lsfFacWeightage": "",
                "lsfModifiedBy": "ADMIN02",
                "lsfModifiedOn": "2023-06-27",
                "lsfBizVertical": "7",
                "lsfLoantype": "SHG",
                "otherExistingExposure": ""
            },
            {
                "lsfFacId": "150",
                "lsfCreatedBy": "ADMIN02",
                "lsfCreatedOn": "2023-06-27",
                "lsfFacActive": "Y",
                "lsfFacDesc": "NULM -SHGs",
                "lsfFacNature": "s",
                "lsfFacParentId": "0",
                "lsfFacType": "SHG",
                "lsfFacWeightage": "",
                "lsfModifiedBy": "ADMIN02",
                "lsfModifiedOn": "2023-06-27",
                "lsfBizVertical": "7",
                "lsfLoantype": "SHG",
                "otherExistingExposure": ""
            },
            {
                "lsfFacId": "153",
                "lsfCreatedBy": "ADMIN02",
                "lsfCreatedOn": "2023-06-27",
                "lsfFacActive": "Y",
                "lsfFacDesc": "NRLM",
                "lsfFacNature": "s",
                "lsfFacParentId": "0",
                "lsfFacType": "SHG",
                "lsfFacWeightage": "",
                "lsfModifiedBy": "ADMIN02",
                "lsfModifiedOn": "2023-06-27",
                "lsfBizVertical": "7",
                "lsfLoantype": "SHG",
                "otherExistingExposure": ""
            },
            {
                "lsfFacId": "156",
                "lsfCreatedBy": "ADMIN02",
                "lsfCreatedOn": "2023-06-27",
                "lsfFacActive": "Y",
                "lsfFacDesc": "SHGLK",
                "lsfFacNature": "s",
                "lsfFacParentId": "0",
                "lsfFacType": "SHG",
                "lsfFacWeightage": "",
                "lsfModifiedBy": "ADMIN02",
                "lsfModifiedOn": "2023-06-27",
                "lsfBizVertical": "7",
                "lsfLoantype": "SHG",
                "otherExistingExposure": ""
            },
            {
                "lsfFacId": "153",
                "lsfCreatedBy": "ADMIN02",
                "lsfCreatedOn": "2023-06-27",
                "lsfFacActive": "Y",
                "lsfFacDesc": "NRLM",
                "lsfFacNature": "s",
                "lsfFacParentId": "0",
                "lsfFacType": "SHG",
                "lsfFacWeightage": "",
                "lsfModifiedBy": "ADMIN02",
                "lsfModifiedOn": "2023-06-27",
                "lsfBizVertical": "7",
                "lsfLoantype": "SHG",
                "otherExistingExposure": ""
            },
            {
                "lsfFacId": "159",
                "lsfCreatedBy": "ADMIN01",
                "lsfCreatedOn": "2023-10-10",
                "lsfFacActive": "Y",
                "lsfFacDesc": "Farm Mechanisation",
                "lsfFacNature": "s",
                "lsfFacParentId": "0",
                "lsfFacType": "AFM",
                "lsfFacWeightage": "",
                "lsfModifiedBy": "ADMIN01",
                "lsfModifiedOn": "2023-10-10",
                "lsfBizVertical": "7",
                "lsfLoantype": "",
                "otherExistingExposure": ""
            },
            {
                "lsfFacId": "161",
                "lsfCreatedBy": "ADMIN02",
                "lsfCreatedOn": "2023-10-11",
                "lsfFacActive": "Y",
                "lsfFacDesc": "Ware House",
                "lsfFacNature": "s",
                "lsfFacParentId": "0",
                "lsfFacType": "AWH",
                "lsfFacWeightage": "",
                "lsfModifiedBy": "ADMIN02",
                "lsfModifiedOn": "2023-10-11",
                "lsfBizVertical": "7",
                "lsfLoantype": "",
                "otherExistingExposure": ""
            },
            {
                "lsfFacId": "166",
                "lsfCreatedBy": "ADMIN02",
                "lsfCreatedOn": "2023-11-08",
                "lsfFacActive": "Y",
                "lsfFacDesc": "Minor Irrigation",
                "lsfFacNature": "s",
                "lsfFacParentId": "0",
                "lsfFacType": "AMI",
                "lsfFacWeightage": "",
                "lsfModifiedBy": "ADMIN02",
                "lsfModifiedOn": "2023-11-08",
                "lsfBizVertical": "7",
                "lsfLoantype": "",
                "otherExistingExposure": ""
            },
            {
                "lsfFacId": "173",
                "lsfCreatedBy": "ADMIN02",
                "lsfCreatedOn": "2023-11-22",
                "lsfFacActive": "Y",
                "lsfFacDesc": "Joint Lending Group",
                "lsfFacNature": "s",
                "lsfFacParentId": "0",
                "lsfFacType": "JLG",
                "lsfFacWeightage": "",
                "lsfModifiedBy": "ADMIN02",
                "lsfModifiedOn": "2023-11-22",
                "lsfBizVertical": "7",
                "lsfLoantype": "",
                "otherExistingExposure": ""
            },
            {
                "lsfFacId": "173",
                "lsfCreatedBy": "ADMIN02",
                "lsfCreatedOn": "2023-11-22",
                "lsfFacActive": "Y",
                "lsfFacDesc": "Joint Lending Group",
                "lsfFacNature": "s",
                "lsfFacParentId": "0",
                "lsfFacType": "JLG",
                "lsfFacWeightage": "",
                "lsfModifiedBy": "ADMIN02",
                "lsfModifiedOn": "2023-11-22",
                "lsfBizVertical": "7",
                "lsfLoantype": "",
                "otherExistingExposure": ""
            },
            {
                "lsfFacId": "173",
                "lsfCreatedBy": "ADMIN02",
                "lsfCreatedOn": "2023-11-22",
                "lsfFacActive": "Y",
                "lsfFacDesc": "Joint Lending Group",
                "lsfFacNature": "s",
                "lsfFacParentId": "0",
                "lsfFacType": "JLG",
                "lsfFacWeightage": "",
                "lsfModifiedBy": "ADMIN02",
                "lsfModifiedOn": "2023-11-22",
                "lsfBizVertical": "7",
                "lsfLoantype": "",
                "otherExistingExposure": ""
            },
            {
                "lsfFacId": "128",
                "lsfCreatedBy": "ADMIN03",
                "lsfCreatedOn": "2023-05-17",
                "lsfFacActive": "Y",
                "lsfFacDesc": "Jewel Loan",
                "lsfFacNature": "s",
                "lsfFacParentId": "0",
                "lsfFacType": "SJL",
                "lsfFacWeightage": "",
                "lsfModifiedBy": "ADMIN03",
                "lsfModifiedOn": "2023-05-17",
                "lsfBizVertical": "7",
                "lsfLoantype": "",
                "otherExistingExposure": ""
            },
            {
                "lsfFacId": "331",
                "lsfCreatedBy": "ADMIN02",
                "lsfCreatedOn": "2024-04-05",
                "lsfFacActive": "Y",
                "lsfFacDesc": "Agri Mudra",
                "lsfFacNature": "s",
                "lsfFacParentId": "0",
                "lsfFacType": "AAMD",
                "lsfFacWeightage": "",
                "lsfModifiedBy": "ADMIN02",
                "lsfModifiedOn": "2024-04-05",
                "lsfBizVertical": "7",
                "lsfLoantype": "",
                "otherExistingExposure": ""
            },
            {
                "lsfFacId": "331",
                "lsfCreatedBy": "ADMIN02",
                "lsfCreatedOn": "2024-04-05",
                "lsfFacActive": "Y",
                "lsfFacDesc": "Agri Mudra",
                "lsfFacNature": "s",
                "lsfFacParentId": "0",
                "lsfFacType": "AAMD",
                "lsfFacWeightage": "",
                "lsfModifiedBy": "ADMIN02",
                "lsfModifiedOn": "2024-04-05",
                "lsfBizVertical": "7",
                "lsfLoantype": "",
                "otherExistingExposure": ""
            },
            {
                "lsfFacId": "334",
                "lsfCreatedBy": "ADMIN02",
                "lsfCreatedOn": "2024-04-17",
                "lsfFacActive": "Y",
                "lsfFacDesc": "PMFME",
                "lsfFacNature": "s",
                "lsfFacParentId": "0",
                "lsfFacType": "PFE",
                "lsfFacWeightage": "",
                "lsfModifiedBy": "ADMIN02",
                "lsfModifiedOn": "2024-04-17",
                "lsfBizVertical": "7",
                "lsfLoantype": "",
                "otherExistingExposure": ""
            },
            {
                "lsfFacId": "334",
                "lsfCreatedBy": "ADMIN02",
                "lsfCreatedOn": "2024-04-17",
                "lsfFacActive": "Y",
                "lsfFacDesc": "PMFME",
                "lsfFacNature": "s",
                "lsfFacParentId": "0",
                "lsfFacType": "PFE",
                "lsfFacWeightage": "",
                "lsfModifiedBy": "ADMIN02",
                "lsfModifiedOn": "2024-04-17",
                "lsfBizVertical": "7",
                "lsfLoantype": "",
                "otherExistingExposure": ""
            },
            {
                "lsfFacId": "347",
                "lsfCreatedBy": "ADMIN01",
                "lsfCreatedOn": "2024-05-30",
                "lsfFacActive": "Y",
                "lsfFacDesc": "Krishi Saral",
                "lsfFacNature": "s",
                "lsfFacParentId": "0",
                "lsfFacType": "FAS",
                "lsfFacWeightage": "",
                "lsfModifiedBy": "ADMIN01",
                "lsfModifiedOn": "2024-05-30",
                "lsfBizVertical": "7",
                "lsfLoantype": "",
                "otherExistingExposure": ""
            },
            {
                "lsfFacId": "347",
                "lsfCreatedBy": "ADMIN01",
                "lsfCreatedOn": "2024-05-30",
                "lsfFacActive": "Y",
                "lsfFacDesc": "Krishi Saral",
                "lsfFacNature": "s",
                "lsfFacParentId": "0",
                "lsfFacType": "FAS",
                "lsfFacWeightage": "",
                "lsfModifiedBy": "ADMIN01",
                "lsfModifiedOn": "2024-05-30",
                "lsfBizVertical": "7",
                "lsfLoantype": "",
                "otherExistingExposure": ""
            },
            {
                "lsfFacId": "356",
                "lsfCreatedBy": "ADMIN02",
                "lsfCreatedOn": "2024-07-02",
                "lsfFacActive": "Y",
                "lsfFacDesc": "Mathya Smaridhi",
                "lsfFacNature": "s",
                "lsfFacParentId": "0",
                "lsfFacType": "AMS",
                "lsfFacWeightage": "",
                "lsfModifiedBy": "ADMIN02",
                "lsfModifiedOn": "2024-07-02",
                "lsfBizVertical": "7",
                "lsfLoantype": "",
                "otherExistingExposure": ""
            },
            {
                "lsfFacId": "356",
                "lsfCreatedBy": "ADMIN02",
                "lsfCreatedOn": "2024-07-02",
                "lsfFacActive": "Y",
                "lsfFacDesc": "Mathya Smaridhi",
                "lsfFacNature": "s",
                "lsfFacParentId": "0",
                "lsfFacType": "AMS",
                "lsfFacWeightage": "",
                "lsfModifiedBy": "ADMIN02",
                "lsfModifiedOn": "2024-07-02",
                "lsfBizVertical": "7",
                "lsfLoantype": "",
                "otherExistingExposure": ""
            },
            {
                "lsfFacId": "356",
                "lsfCreatedBy": "ADMIN02",
                "lsfCreatedOn": "2024-07-02",
                "lsfFacActive": "Y",
                "lsfFacDesc": "Mathya Smaridhi",
                "lsfFacNature": "s",
                "lsfFacParentId": "0",
                "lsfFacType": "AMS",
                "lsfFacWeightage": "",
                "lsfModifiedBy": "ADMIN02",
                "lsfModifiedOn": "2024-07-02",
                "lsfBizVertical": "7",
                "lsfLoantype": "",
                "otherExistingExposure": ""
            },
            {
                "lsfFacId": "369",
                "lsfCreatedBy": "AGRI01",
                "lsfCreatedOn": "2024-08-27",
                "lsfFacActive": "Y",
                "lsfFacDesc": "FPO Finance",
                "lsfFacNature": "s",
                "lsfFacParentId": "0",
                "lsfFacType": "AFPO",
                "lsfFacWeightage": "",
                "lsfModifiedBy": "AGRI01",
                "lsfModifiedOn": "2024-08-27",
                "lsfBizVertical": "7",
                "lsfLoantype": "",
                "otherExistingExposure": ""
            },
            {
                "lsfFacId": "369",
                "lsfCreatedBy": "AGRI01",
                "lsfCreatedOn": "2024-08-27",
                "lsfFacActive": "Y",
                "lsfFacDesc": "FPO Finance",
                "lsfFacNature": "s",
                "lsfFacParentId": "0",
                "lsfFacType": "AFPO",
                "lsfFacWeightage": "",
                "lsfModifiedBy": "AGRI01",
                "lsfModifiedOn": "2024-08-27",
                "lsfBizVertical": "7",
                "lsfLoantype": "",
                "otherExistingExposure": ""
            },
            {
                "lsfFacId": "374",
                "lsfCreatedBy": "AGRI01",
                "lsfCreatedOn": "2024-10-14",
                "lsfFacActive": "Y",
                "lsfFacDesc": "Agri Allied Others Poultry",
                "lsfFacNature": "s",
                "lsfFacParentId": "0",
                "lsfFacType": "APL",
                "lsfFacWeightage": "",
                "lsfModifiedBy": "AGRI01",
                "lsfModifiedOn": "2024-10-14",
                "lsfBizVertical": "7",
                "lsfLoantype": "",
                "otherExistingExposure": ""
            },
            {
                "lsfFacId": "374",
                "lsfCreatedBy": "AGRI01",
                "lsfCreatedOn": "2024-10-14",
                "lsfFacActive": "Y",
                "lsfFacDesc": "Agri Allied Others Poultry",
                "lsfFacNature": "s",
                "lsfFacParentId": "0",
                "lsfFacType": "APL",
                "lsfFacWeightage": "",
                "lsfModifiedBy": "AGRI01",
                "lsfModifiedOn": "2024-10-14",
                "lsfBizVertical": "7",
                "lsfLoantype": "",
                "otherExistingExposure": ""
            },
            {
                "lsfFacId": "377",
                "lsfCreatedBy": "AGRI01",
                "lsfCreatedOn": "2024-11-11",
                "lsfFacActive": "Y",
                "lsfFacDesc": "Agri Krishi Saral",
                "lsfFacNature": "s",
                "lsfFacParentId": "0",
                "lsfFacType": "s",
                "lsfFacWeightage": "",
                "lsfModifiedBy": "AGRI01",
                "lsfModifiedOn": "2024-11-11",
                "lsfBizVertical": "7",
                "lsfLoantype": "",
                "otherExistingExposure": ""
            },
            {
                "lsfFacId": "431",
                "lsfCreatedBy": "ADMIN123",
                "lsfCreatedOn": "2025-01-08",
                "lsfFacActive": "Y",
                "lsfFacDesc": "Test Agri Main Facility",
                "lsfFacNature": "s",
                "lsfFacParentId": "0",
                "lsfFacType": "TSC",
                "lsfFacWeightage": "",
                "lsfModifiedBy": "ADMIN123",
                "lsfModifiedOn": "2025-01-08",
                "lsfBizVertical": "7",
                "lsfLoantype": "",
                "otherExistingExposure": ""
            },
            {
                "lsfFacId": "75427",
                "lsfCreatedBy": "ADMIN123",
                "lsfCreatedOn": "2025-04-21",
                "lsfFacActive": "Y",
                "lsfFacDesc": "Agri Infra Fund",
                "lsfFacNature": "s",
                "lsfFacParentId": "0",
                "lsfFacType": "AIF",
                "lsfFacWeightage": "",
                "lsfModifiedBy": "ADMIN123",
                "lsfModifiedOn": "2025-04-21",
                "lsfBizVertical": "7",
                "lsfLoantype": "",
                "otherExistingExposure": ""
            },
            {
                "lsfFacId": "356",
                "lsfCreatedBy": "ADMIN02",
                "lsfCreatedOn": "2024-07-02",
                "lsfFacActive": "Y",
                "lsfFacDesc": "Mathya Smaridhi",
                "lsfFacNature": "s",
                "lsfFacParentId": "0",
                "lsfFacType": "AMS",
                "lsfFacWeightage": "",
                "lsfModifiedBy": "ADMIN02",
                "lsfModifiedOn": "2024-07-02",
                "lsfBizVertical": "7",
                "lsfLoantype": "",
                "otherExistingExposure": ""
            },
            {
                "lsfFacId": "463",
                "lsfCreatedBy": "IOB3",
                "lsfCreatedOn": "2025-02-25",
                "lsfFacActive": "Y",
                "lsfFacDesc": "ENWR - Warehouse Receipt",
                "lsfFacNature": "s",
                "lsfFacParentId": "0",
                "lsfFacType": "ENWR",
                "lsfFacWeightage": "",
                "lsfModifiedBy": "IOB3",
                "lsfModifiedOn": "2025-02-25",
                "lsfBizVertical": "7",
                "lsfLoantype": "",
                "otherExistingExposure": ""
            },
            {
                "lsfFacId": "75439",
                "lsfCreatedBy": "ADMIN123",
                "lsfCreatedOn": "2025-05-08",
                "lsfFacActive": "Y",
                "lsfFacDesc": "Horticulture  Plantation Crops",
                "lsfFacNature": "s",
                "lsfFacParentId": "0",
                "lsfFacType": "HTC",
                "lsfFacWeightage": "",
                "lsfModifiedBy": "ADMIN123",
                "lsfModifiedOn": "2025-05-08",
                "lsfBizVertical": "7",
                "lsfLoantype": "",
                "otherExistingExposure": ""
            },
            {
                "lsfFacId": "460",
                "lsfCreatedBy": "AGRI1123",
                "lsfCreatedOn": "2025-02-20",
                "lsfFacActive": "Y",
                "lsfFacDesc": "Animal Husbandry",
                "lsfFacNature": "s",
                "lsfFacParentId": "0",
                "lsfFacType": "AAAH",
                "lsfFacWeightage": "",
                "lsfModifiedBy": "AGRI1123",
                "lsfModifiedOn": "2025-02-20",
                "lsfBizVertical": "7",
                "lsfLoantype": "",
                "otherExistingExposure": ""
            },
            {
                "lsfFacId": "426",
                "lsfCreatedBy": "admin",
                "lsfCreatedOn": "2025-01-06",
                "lsfFacActive": "Y",
                "lsfFacDesc": "Kisan Credit Card",
                "lsfFacNature": "s",
                "lsfFacParentId": "0",
                "lsfFacType": "KCC",
                "lsfFacWeightage": "",
                "lsfModifiedBy": "admin",
                "lsfModifiedOn": "2025-01-06",
                "lsfBizVertical": "7",
                "lsfLoantype": "",
                "otherExistingExposure": ""
            },
            {
                "lsfFacId": "75427",
                "lsfCreatedBy": "ADMIN123",
                "lsfCreatedOn": "2025-04-21",
                "lsfFacActive": "Y",
                "lsfFacDesc": "Agri Infra Fund",
                "lsfFacNature": "s",
                "lsfFacParentId": "0",
                "lsfFacType": "AIF",
                "lsfFacWeightage": "",
                "lsfModifiedBy": "ADMIN123",
                "lsfModifiedOn": "2025-04-21",
                "lsfBizVertical": "7",
                "lsfLoantype": "",
                "otherExistingExposure": ""
            },
            {
                "lsfFacId": "7",
                "lsfCreatedBy": "AGRI01",
                "lsfCreatedOn": "2022-06-29",
                "lsfFacActive": "Y",
                "lsfFacDesc": "KCC CREDIT CARD BELOW",
                "lsfFacNature": "s",
                "lsfFacParentId": "0",
                "lsfFacType": "KCC",
                "lsfFacWeightage": "",
                "lsfModifiedBy": "AGRI01",
                "lsfModifiedOn": "2022-06-29",
                "lsfBizVertical": "7",
                "lsfLoantype": "",
                "otherExistingExposure": ""
            },
            {
                "lsfFacId": "463",
                "lsfCreatedBy": "IOB3",
                "lsfCreatedOn": "2025-02-25",
                "lsfFacActive": "Y",
                "lsfFacDesc": "ENWR - Warehouse Receipt",
                "lsfFacNature": "s",
                "lsfFacParentId": "0",
                "lsfFacType": "ENWR",
                "lsfFacWeightage": "",
                "lsfModifiedBy": "IOB3",
                "lsfModifiedOn": "2025-02-25",
                "lsfBizVertical": "7",
                "lsfLoantype": "",
                "otherExistingExposure": ""
            },
            {
                "lsfFacId": "460",
                "lsfCreatedBy": "AGRI1123",
                "lsfCreatedOn": "2025-02-20",
                "lsfFacActive": "Y",
                "lsfFacDesc": "Animal Husbandry",
                "lsfFacNature": "s",
                "lsfFacParentId": "0",
                "lsfFacType": "AAAH",
                "lsfFacWeightage": "",
                "lsfModifiedBy": "AGRI1123",
                "lsfModifiedOn": "2025-02-20",
                "lsfBizVertical": "7",
                "lsfLoantype": "",
                "otherExistingExposure": ""
            }
        ],
        "ProductMaster": [
            {
                "prdCode": "232",
                "prdSchemeCode": "",
                "prdDesc": "Krishi Saral Term Loan",
                "prdamtFromRange": "1",
                "prdamtToRange": "100000000",
                "prdMainCat": "347",
                "prdNature": "TL",
                "prdTenorFrom": "0",
                "prdTenorTo": "60",
                "prdLoanType": "FAS",
                "prdTenorType": "M",
                "prdBussRule": "",
                "prdCoappFlag": "Y",
                "prdGuaFlag": "Y",
                "prdMoratoriumMax": "12",
                "prdAgeFrom": "",
                "prdAgeTo": "",
                "prdSubCat": "348",
                "prdSchemeId": "",
                "prdBranchList": "oracle.sql.CLOB@5d3dd28e"
            },
            {
                "prdCode": "233",
                "prdSchemeCode": "",
                "prdDesc": "Krishi Saral Working Capital",
                "prdamtFromRange": "1",
                "prdamtToRange": "100000000",
                "prdMainCat": "347",
                "prdNature": "CC",
                "prdTenorFrom": "1",
                "prdTenorTo": "12",
                "prdLoanType": "FAS",
                "prdTenorType": "M",
                "prdBussRule": "",
                "prdCoappFlag": "Y",
                "prdGuaFlag": "Y",
                "prdMoratoriumMax": "0",
                "prdAgeFrom": "",
                "prdAgeTo": "",
                "prdSubCat": "349",
                "prdSchemeId": "",
                "prdBranchList": "oracle.sql.CLOB@29de108a"
            },
            {
                "prdCode": "1556659",
                "prdSchemeCode": "",
                "prdDesc": "Kisan Credit Card",
                "prdamtFromRange": "10000",
                "prdamtToRange": "100000",
                "prdMainCat": "426",
                "prdNature": "OD",
                "prdTenorFrom": "18",
                "prdTenorTo": "60",
                "prdLoanType": "KCC",
                "prdTenorType": "M",
                "prdBussRule": "",
                "prdCoappFlag": "N",
                "prdGuaFlag": "N",
                "prdMoratoriumMax": "3",
                "prdAgeFrom": "20",
                "prdAgeTo": "55",
                "prdSubCat": "436",
                "prdSchemeId": "",
                "prdBranchList": "oracle.sql.CLOB@6ba4e5dd"
            },
            {
                "prdCode": "10",
                "prdSchemeCode": "SAI1111",
                "prdDesc": "Kisan Credit Card",
                "prdamtFromRange": "1",
                "prdamtToRange": "1000000",
                "prdMainCat": "426",
                "prdNature": "OD",
                "prdTenorFrom": "1",
                "prdTenorTo": "12",
                "prdLoanType": "KCC",
                "prdTenorType": "M",
                "prdBussRule": "1879667",
                "prdCoappFlag": "Y",
                "prdGuaFlag": "Y",
                "prdMoratoriumMax": "0",
                "prdAgeFrom": "18",
                "prdAgeTo": "65",
                "prdSubCat": "436",
                "prdSchemeId": "6",
                "prdBranchList": "oracle.sql.CLOB@29466da"
            },
            {
                "prdCode": "258",
                "prdSchemeCode": "",
                "prdDesc": "Poultry Working Capital",
                "prdamtFromRange": "1",
                "prdamtToRange": "1000000000000",
                "prdMainCat": "374",
                "prdNature": "CC",
                "prdTenorFrom": "1",
                "prdTenorTo": "84",
                "prdLoanType": "APL",
                "prdTenorType": "M",
                "prdBussRule": "",
                "prdCoappFlag": "N",
                "prdGuaFlag": "N",
                "prdMoratoriumMax": "12",
                "prdAgeFrom": "",
                "prdAgeTo": "",
                "prdSubCat": "376",
                "prdSchemeId": "",
                "prdBranchList": "oracle.sql.CLOB@318e6da4"
            },
            {
                "prdCode": "259",
                "prdSchemeCode": "",
                "prdDesc": " Poultry Term loan",
                "prdamtFromRange": "1",
                "prdamtToRange": "100000000000000",
                "prdMainCat": "374",
                "prdNature": "TL",
                "prdTenorFrom": "1",
                "prdTenorTo": "84",
                "prdLoanType": "APL",
                "prdTenorType": "M",
                "prdBussRule": "",
                "prdCoappFlag": "N",
                "prdGuaFlag": "N",
                "prdMoratoriumMax": "12",
                "prdAgeFrom": "",
                "prdAgeTo": "",
                "prdSubCat": "375",
                "prdSchemeId": "",
                "prdBranchList": "oracle.sql.CLOB@680d615f"
            },
            {
                "prdCode": "403",
                "prdSchemeCode": "",
                "prdDesc": "ENWR - Others Farmers",
                "prdamtFromRange": "100000",
                "prdamtToRange": "7500000",
                "prdMainCat": "463",
                "prdNature": "TL",
                "prdTenorFrom": "1",
                "prdTenorTo": "12",
                "prdLoanType": "ENWR",
                "prdTenorType": "M",
                "prdBussRule": "",
                "prdCoappFlag": "Y",
                "prdGuaFlag": "N",
                "prdMoratoriumMax": "0",
                "prdAgeFrom": "",
                "prdAgeTo": "",
                "prdSubCat": "465",
                "prdSchemeId": "",
                "prdBranchList": "oracle.sql.CLOB@244beb8e"
            },
            {
                "prdCode": "1556658",
                "prdSchemeCode": "",
                "prdDesc": "Working Capital",
                "prdamtFromRange": "1",
                "prdamtToRange": "100000000",
                "prdMainCat": "75427",
                "prdNature": "CC",
                "prdTenorFrom": "1",
                "prdTenorTo": "12",
                "prdLoanType": "AIF",
                "prdTenorType": "M",
                "prdBussRule": "",
                "prdCoappFlag": "N",
                "prdGuaFlag": "N",
                "prdMoratoriumMax": "1",
                "prdAgeFrom": "18",
                "prdAgeTo": "60",
                "prdSubCat": "75429",
                "prdSchemeId": "",
                "prdBranchList": "oracle.sql.CLOB@548eb6b"
            },
            {
                "prdCode": "1556661",
                "prdSchemeCode": "",
                "prdDesc": "Plantation TL",
                "prdamtFromRange": "1",
                "prdamtToRange": "10000000",
                "prdMainCat": "75439",
                "prdNature": "TL",
                "prdTenorFrom": "1",
                "prdTenorTo": "24",
                "prdLoanType": "HTC",
                "prdTenorType": "M",
                "prdBussRule": "",
                "prdCoappFlag": "N",
                "prdGuaFlag": "N",
                "prdMoratoriumMax": "0",
                "prdAgeFrom": "18",
                "prdAgeTo": "60",
                "prdSubCat": "75440",
                "prdSchemeId": "",
                "prdBranchList": "oracle.sql.CLOB@4769452b"
            },
            {
                "prdCode": "260",
                "prdSchemeCode": "",
                "prdDesc": "Krishi saral TL",
                "prdamtFromRange": "1",
                "prdamtToRange": "100000000",
                "prdMainCat": "377",
                "prdNature": "TL",
                "prdTenorFrom": "1",
                "prdTenorTo": "84",
                "prdLoanType": "FAS",
                "prdTenorType": "M",
                "prdBussRule": "",
                "prdCoappFlag": "N",
                "prdGuaFlag": "N",
                "prdMoratoriumMax": "84",
                "prdAgeFrom": "",
                "prdAgeTo": "",
                "prdSubCat": "378",
                "prdSchemeId": "",
                "prdBranchList": "oracle.sql.CLOB@446dc300"
            },
            {
                "prdCode": "239",
                "prdSchemeCode": "",
                "prdDesc": "Term Loan",
                "prdamtFromRange": "1",
                "prdamtToRange": "10000000",
                "prdMainCat": "356",
                "prdNature": "TL",
                "prdTenorFrom": "1",
                "prdTenorTo": "12",
                "prdLoanType": "AMS",
                "prdTenorType": "M",
                "prdBussRule": "",
                "prdCoappFlag": "Y",
                "prdGuaFlag": "Y",
                "prdMoratoriumMax": "0",
                "prdAgeFrom": "",
                "prdAgeTo": "",
                "prdSubCat": "357",
                "prdSchemeId": "",
                "prdBranchList": "oracle.sql.CLOB@3f815798"
            },
            {
                "prdCode": "1556657",
                "prdSchemeCode": "",
                "prdDesc": "Term Loan",
                "prdamtFromRange": "1",
                "prdamtToRange": "400000000",
                "prdMainCat": "75427",
                "prdNature": "TL",
                "prdTenorFrom": "1",
                "prdTenorTo": "120",
                "prdLoanType": "AIF",
                "prdTenorType": "M",
                "prdBussRule": "",
                "prdCoappFlag": "N",
                "prdGuaFlag": "N",
                "prdMoratoriumMax": "1",
                "prdAgeFrom": "18",
                "prdAgeTo": "60",
                "prdSubCat": "75428",
                "prdSchemeId": "",
                "prdBranchList": "oracle.sql.CLOB@7dd0f0b0"
            },
            {
                "prdCode": "401",
                "prdSchemeCode": "",
                "prdDesc": "Animal Husbandry Working Capital",
                "prdamtFromRange": "1",
                "prdamtToRange": "1000000000",
                "prdMainCat": "460",
                "prdNature": "CC",
                "prdTenorFrom": "1",
                "prdTenorTo": "12",
                "prdLoanType": "AAAH",
                "prdTenorType": "M",
                "prdBussRule": "",
                "prdCoappFlag": "Y",
                "prdGuaFlag": "",
                "prdMoratoriumMax": "0",
                "prdAgeFrom": "",
                "prdAgeTo": "",
                "prdSubCat": "462",
                "prdSchemeId": "",
                "prdBranchList": "oracle.sql.CLOB@701da23c"
            },
            {
                "prdCode": "259",
                "prdSchemeCode": "",
                "prdDesc": " Poultry Term loan",
                "prdamtFromRange": "1",
                "prdamtToRange": "100000000000000",
                "prdMainCat": "374",
                "prdNature": "TL",
                "prdTenorFrom": "1",
                "prdTenorTo": "84",
                "prdLoanType": "APL",
                "prdTenorType": "M",
                "prdBussRule": "",
                "prdCoappFlag": "N",
                "prdGuaFlag": "N",
                "prdMoratoriumMax": "12",
                "prdAgeFrom": "",
                "prdAgeTo": "",
                "prdSubCat": "375",
                "prdSchemeId": "",
                "prdBranchList": "oracle.sql.CLOB@5ac20afc"
            },
            {
                "prdCode": "400",
                "prdSchemeCode": "",
                "prdDesc": "Animal Husbandry TL",
                "prdamtFromRange": "1",
                "prdamtToRange": "1000000000",
                "prdMainCat": "460",
                "prdNature": "TL",
                "prdTenorFrom": "1",
                "prdTenorTo": "120",
                "prdLoanType": "AAAH",
                "prdTenorType": "M",
                "prdBussRule": "",
                "prdCoappFlag": "Y",
                "prdGuaFlag": "Y",
                "prdMoratoriumMax": "0",
                "prdAgeFrom": "",
                "prdAgeTo": "",
                "prdSubCat": "461",
                "prdSchemeId": "",
                "prdBranchList": "oracle.sql.CLOB@6fcaabab"
            },
            {
                "prdCode": "402",
                "prdSchemeCode": "",
                "prdDesc": "ENWR - Small  Marginal Farmers",
                "prdamtFromRange": "100000",
                "prdamtToRange": "7500000",
                "prdMainCat": "463",
                "prdNature": "TL",
                "prdTenorFrom": "1",
                "prdTenorTo": "6",
                "prdLoanType": "ENWR",
                "prdTenorType": "M",
                "prdBussRule": "",
                "prdCoappFlag": "Y",
                "prdGuaFlag": "N",
                "prdMoratoriumMax": "1",
                "prdAgeFrom": "",
                "prdAgeTo": "",
                "prdSubCat": "464",
                "prdSchemeId": "",
                "prdBranchList": "oracle.sql.CLOB@15658392"
            },
            {
                "prdCode": "1556660",
                "prdSchemeCode": "4234324",
                "prdDesc": "Term Loan",
                "prdamtFromRange": "100000",
                "prdamtToRange": "2500000",
                "prdMainCat": "356",
                "prdNature": "TL",
                "prdTenorFrom": "12",
                "prdTenorTo": "140",
                "prdLoanType": "AMS",
                "prdTenorType": "M",
                "prdBussRule": "",
                "prdCoappFlag": "N",
                "prdGuaFlag": "N",
                "prdMoratoriumMax": "3",
                "prdAgeFrom": "23",
                "prdAgeTo": "50",
                "prdSubCat": "357",
                "prdSchemeId": "",
                "prdBranchList": "oracle.sql.CLOB@874df40"
            },
            {
                "prdCode": "101",
                "prdSchemeCode": "",
                "prdDesc": "Farm Mechanisation Term Loan",
                "prdamtFromRange": "1",
                "prdamtToRange": "999999999",
                "prdMainCat": "159",
                "prdNature": "TL",
                "prdTenorFrom": "1",
                "prdTenorTo": "108",
                "prdLoanType": "AFM",
                "prdTenorType": "M",
                "prdBussRule": "",
                "prdCoappFlag": "Y",
                "prdGuaFlag": "Y",
                "prdMoratoriumMax": "0",
                "prdAgeFrom": "",
                "prdAgeTo": "",
                "prdSubCat": "160",
                "prdSchemeId": "",
                "prdBranchList": ""
            },
            {
                "prdCode": "99",
                "prdSchemeCode": "",
                "prdDesc": "SHGLK Working Capital",
                "prdamtFromRange": "100000",
                "prdamtToRange": "2000000",
                "prdMainCat": "156",
                "prdNature": "CC",
                "prdTenorFrom": "1",
                "prdTenorTo": "12",
                "prdLoanType": "SHG",
                "prdTenorType": "M",
                "prdBussRule": "",
                "prdCoappFlag": "Y",
                "prdGuaFlag": "Y",
                "prdMoratoriumMax": "8",
                "prdAgeFrom": "",
                "prdAgeTo": "",
                "prdSubCat": "158",
                "prdSchemeId": "61",
                "prdBranchList": ""
            },
            {
                "prdCode": "241",
                "prdSchemeCode": "",
                "prdDesc": " Letter of Credits",
                "prdamtFromRange": "1",
                "prdamtToRange": "10000000",
                "prdMainCat": "356",
                "prdNature": "CC",
                "prdTenorFrom": "1",
                "prdTenorTo": "12",
                "prdLoanType": "s",
                "prdTenorType": "M",
                "prdBussRule": "",
                "prdCoappFlag": "Y",
                "prdGuaFlag": "Y",
                "prdMoratoriumMax": "0",
                "prdAgeFrom": "",
                "prdAgeTo": "",
                "prdSubCat": "359",
                "prdSchemeId": "",
                "prdBranchList": ""
            },
            {
                "prdCode": "221",
                "prdSchemeCode": "",
                "prdDesc": "Term Loan",
                "prdamtFromRange": "1",
                "prdamtToRange": "1000000",
                "prdMainCat": "331",
                "prdNature": "TL",
                "prdTenorFrom": "0",
                "prdTenorTo": "84",
                "prdLoanType": "AAMD",
                "prdTenorType": "M",
                "prdBussRule": "",
                "prdCoappFlag": "",
                "prdGuaFlag": "Y",
                "prdMoratoriumMax": "3",
                "prdAgeFrom": "",
                "prdAgeTo": "",
                "prdSubCat": "332",
                "prdSchemeId": "",
                "prdBranchList": ""
            },
            {
                "prdCode": "254",
                "prdSchemeCode": "",
                "prdDesc": "FPO Term Loan",
                "prdamtFromRange": "1",
                "prdamtToRange": "1000000000",
                "prdMainCat": "369",
                "prdNature": "TL",
                "prdTenorFrom": "1",
                "prdTenorTo": "12",
                "prdLoanType": "AFPO",
                "prdTenorType": "M",
                "prdBussRule": "",
                "prdCoappFlag": "Y",
                "prdGuaFlag": "Y",
                "prdMoratoriumMax": "0",
                "prdAgeFrom": "",
                "prdAgeTo": "",
                "prdSubCat": "371",
                "prdSchemeId": "",
                "prdBranchList": ""
            },
            {
                "prdCode": "93",
                "prdSchemeCode": "",
                "prdDesc": "NULM Group Term Loan",
                "prdamtFromRange": "1",
                "prdamtToRange": "1000000",
                "prdMainCat": "147",
                "prdNature": "TL",
                "prdTenorFrom": "1",
                "prdTenorTo": "84",
                "prdLoanType": "SHG",
                "prdTenorType": "M",
                "prdBussRule": "",
                "prdCoappFlag": "Y",
                "prdGuaFlag": "Y",
                "prdMoratoriumMax": "18",
                "prdAgeFrom": "18",
                "prdAgeTo": "70",
                "prdSubCat": "148",
                "prdSchemeId": "61",
                "prdBranchList": ""
            },
            {
                "prdCode": "71",
                "prdSchemeCode": "",
                "prdDesc": "New Vehicle ",
                "prdamtFromRange": "1",
                "prdamtToRange": "9999999999",
                "prdMainCat": "116",
                "prdNature": "TL",
                "prdTenorFrom": "1",
                "prdTenorTo": "120",
                "prdLoanType": "ATL",
                "prdTenorType": "M",
                "prdBussRule": "",
                "prdCoappFlag": "Y",
                "prdGuaFlag": "Y",
                "prdMoratoriumMax": "",
                "prdAgeFrom": "",
                "prdAgeTo": "",
                "prdSubCat": "117",
                "prdSchemeId": "41",
                "prdBranchList": ""
            },
            {
                "prdCode": "97",
                "prdSchemeCode": "",
                "prdDesc": "NRLM Term Loan",
                "prdamtFromRange": "150000",
                "prdamtToRange": "2000000",
                "prdMainCat": "153",
                "prdNature": "TL",
                "prdTenorFrom": "12",
                "prdTenorTo": "60",
                "prdLoanType": "SHG",
                "prdTenorType": "M",
                "prdBussRule": "",
                "prdCoappFlag": "Y",
                "prdGuaFlag": "Y",
                "prdMoratoriumMax": "8",
                "prdAgeFrom": "",
                "prdAgeTo": "",
                "prdSubCat": "154",
                "prdSchemeId": "61",
                "prdBranchList": ""
            },
            {
                "prdCode": "104",
                "prdSchemeCode": "",
                "prdDesc": "WareHouse Working Capital",
                "prdamtFromRange": "1",
                "prdamtToRange": "7500000",
                "prdMainCat": "161",
                "prdNature": "OD",
                "prdTenorFrom": "1",
                "prdTenorTo": "12",
                "prdLoanType": "AWH",
                "prdTenorType": "M",
                "prdBussRule": "",
                "prdCoappFlag": "Y",
                "prdGuaFlag": "Y",
                "prdMoratoriumMax": "0",
                "prdAgeFrom": "18",
                "prdAgeTo": "65",
                "prdSubCat": "163",
                "prdSchemeId": "",
                "prdBranchList": ""
            },
            {
                "prdCode": "77",
                "prdSchemeCode": "",
                "prdDesc": "KCCJL",
                "prdamtFromRange": "161000",
                "prdamtToRange": "1000000",
                "prdMainCat": "128",
                "prdNature": "OD",
                "prdTenorFrom": "1",
                "prdTenorTo": "12",
                "prdLoanType": "SJL",
                "prdTenorType": "M",
                "prdBussRule": "",
                "prdCoappFlag": "N",
                "prdGuaFlag": "N",
                "prdMoratoriumMax": "0",
                "prdAgeFrom": "18",
                "prdAgeTo": "100",
                "prdSubCat": "130",
                "prdSchemeId": "49",
                "prdBranchList": ""
            },
            {
                "prdCode": "94",
                "prdSchemeCode": "",
                "prdDesc": "NULM Group Working Capital",
                "prdamtFromRange": "100000",
                "prdamtToRange": "1000000",
                "prdMainCat": "147",
                "prdNature": "CC",
                "prdTenorFrom": "1",
                "prdTenorTo": "12",
                "prdLoanType": "SHG",
                "prdTenorType": "M",
                "prdBussRule": "",
                "prdCoappFlag": "Y",
                "prdGuaFlag": "Y",
                "prdMoratoriumMax": "18",
                "prdAgeFrom": "18",
                "prdAgeTo": "70",
                "prdSubCat": "149",
                "prdSchemeId": "61",
                "prdBranchList": ""
            },
            {
                "prdCode": "125",
                "prdSchemeCode": "",
                "prdDesc": "Working Capital",
                "prdamtFromRange": "150000",
                "prdamtToRange": "2000000",
                "prdMainCat": "173",
                "prdNature": "CC",
                "prdTenorFrom": "12",
                "prdTenorTo": "60",
                "prdLoanType": "JLG",
                "prdTenorType": "M",
                "prdBussRule": "",
                "prdCoappFlag": "Y",
                "prdGuaFlag": "Y",
                "prdMoratoriumMax": "",
                "prdAgeFrom": "",
                "prdAgeTo": "",
                "prdSubCat": "188",
                "prdSchemeId": "78",
                "prdBranchList": ""
            },
            {
                "prdCode": "18",
                "prdSchemeCode": "",
                "prdDesc": " Agriculture term loan-Jewellery-AGTAJ",
                "prdamtFromRange": "1",
                "prdamtToRange": "5000000",
                "prdMainCat": "17",
                "prdNature": "TL",
                "prdTenorFrom": "1",
                "prdTenorTo": "36",
                "prdLoanType": "AGTAJ",
                "prdTenorType": "M",
                "prdBussRule": "",
                "prdCoappFlag": "N",
                "prdGuaFlag": "N",
                "prdMoratoriumMax": "",
                "prdAgeFrom": "18",
                "prdAgeTo": "65",
                "prdSubCat": "18",
                "prdSchemeId": "10",
                "prdBranchList": ""
            },
            {
                "prdCode": "84",
                "prdSchemeCode": "",
                "prdDesc": "Dairy Farming Term Loan ",
                "prdamtFromRange": "1",
                "prdamtToRange": "100000000",
                "prdMainCat": "136",
                "prdNature": "TL",
                "prdTenorFrom": "12",
                "prdTenorTo": "72",
                "prdLoanType": "AAD",
                "prdTenorType": "M",
                "prdBussRule": "",
                "prdCoappFlag": "N",
                "prdGuaFlag": "N",
                "prdMoratoriumMax": "0",
                "prdAgeFrom": "",
                "prdAgeTo": "",
                "prdSubCat": "137",
                "prdSchemeId": "55",
                "prdBranchList": ""
            },
            {
                "prdCode": "72",
                "prdSchemeCode": "",
                "prdDesc": "Old Vehicle",
                "prdamtFromRange": "1",
                "prdamtToRange": "9999999999",
                "prdMainCat": "116",
                "prdNature": "TL",
                "prdTenorFrom": "1",
                "prdTenorTo": "120",
                "prdLoanType": "ATL",
                "prdTenorType": "M",
                "prdBussRule": "",
                "prdCoappFlag": "Y",
                "prdGuaFlag": "Y",
                "prdMoratoriumMax": "",
                "prdAgeFrom": "",
                "prdAgeTo": "",
                "prdSubCat": "118",
                "prdSchemeId": "41",
                "prdBranchList": ""
            },
            {
                "prdCode": "106",
                "prdSchemeCode": "",
                "prdDesc": "Term Loan",
                "prdamtFromRange": "1",
                "prdamtToRange": "99999999999999",
                "prdMainCat": "166",
                "prdNature": "TL",
                "prdTenorFrom": "6",
                "prdTenorTo": "108",
                "prdLoanType": "AMI",
                "prdTenorType": "M",
                "prdBussRule": "",
                "prdCoappFlag": "Y",
                "prdGuaFlag": "Y",
                "prdMoratoriumMax": "0",
                "prdAgeFrom": "",
                "prdAgeTo": "",
                "prdSubCat": "167",
                "prdSchemeId": "",
                "prdBranchList": ""
            },
            {
                "prdCode": "19",
                "prdSchemeCode": "",
                "prdDesc": "KCC-Jewel Loan-KCCJL",
                "prdamtFromRange": "1",
                "prdamtToRange": "1000000",
                "prdMainCat": "17",
                "prdNature": "OD",
                "prdTenorFrom": "1",
                "prdTenorTo": "12",
                "prdLoanType": "KCCJL",
                "prdTenorType": "M",
                "prdBussRule": "",
                "prdCoappFlag": "N",
                "prdGuaFlag": "N",
                "prdMoratoriumMax": "",
                "prdAgeFrom": "18",
                "prdAgeTo": "65",
                "prdSubCat": "20",
                "prdSchemeId": "10",
                "prdBranchList": ""
            },
            {
                "prdCode": "224",
                "prdSchemeCode": "",
                "prdDesc": "Working Capital",
                "prdamtFromRange": "1",
                "prdamtToRange": "100000000",
                "prdMainCat": "334",
                "prdNature": "CC",
                "prdTenorFrom": "1",
                "prdTenorTo": "12",
                "prdLoanType": "PFE",
                "prdTenorType": "M",
                "prdBussRule": "",
                "prdCoappFlag": "Y",
                "prdGuaFlag": "Y",
                "prdMoratoriumMax": "0",
                "prdAgeFrom": "",
                "prdAgeTo": "",
                "prdSubCat": "336",
                "prdSchemeId": "",
                "prdBranchList": ""
            },
            {
                "prdCode": "96",
                "prdSchemeCode": "",
                "prdDesc": "NULM -SHGs Working Capital",
                "prdamtFromRange": "100000",
                "prdamtToRange": "1000000",
                "prdMainCat": "150",
                "prdNature": "CC",
                "prdTenorFrom": "1",
                "prdTenorTo": "12",
                "prdLoanType": "SHG",
                "prdTenorType": "M",
                "prdBussRule": "",
                "prdCoappFlag": "Y",
                "prdGuaFlag": "Y",
                "prdMoratoriumMax": "8",
                "prdAgeFrom": "18",
                "prdAgeTo": "70",
                "prdSubCat": "152",
                "prdSchemeId": "61",
                "prdBranchList": ""
            },
            {
                "prdCode": "240",
                "prdSchemeCode": "",
                "prdDesc": "Working Capital",
                "prdamtFromRange": "1",
                "prdamtToRange": "10000000",
                "prdMainCat": "356",
                "prdNature": "CC",
                "prdTenorFrom": "1",
                "prdTenorTo": "12",
                "prdLoanType": "AMS",
                "prdTenorType": "M",
                "prdBussRule": "",
                "prdCoappFlag": "Y",
                "prdGuaFlag": "Y",
                "prdMoratoriumMax": "0",
                "prdAgeFrom": "",
                "prdAgeTo": "",
                "prdSubCat": "358",
                "prdSchemeId": "",
                "prdBranchList": ""
            },
            {
                "prdCode": "222",
                "prdSchemeCode": "",
                "prdDesc": "Working Capital",
                "prdamtFromRange": "1",
                "prdamtToRange": "1000000",
                "prdMainCat": "331",
                "prdNature": "CC",
                "prdTenorFrom": "0",
                "prdTenorTo": "84",
                "prdLoanType": "AAMD",
                "prdTenorType": "M",
                "prdBussRule": "",
                "prdCoappFlag": "",
                "prdGuaFlag": "Y",
                "prdMoratoriumMax": "3",
                "prdAgeFrom": "",
                "prdAgeTo": "",
                "prdSubCat": "333",
                "prdSchemeId": "",
                "prdBranchList": ""
            },
            {
                "prdCode": "223",
                "prdSchemeCode": "",
                "prdDesc": "Term Loan",
                "prdamtFromRange": "1",
                "prdamtToRange": "100000000",
                "prdMainCat": "334",
                "prdNature": "TL",
                "prdTenorFrom": "1",
                "prdTenorTo": "120",
                "prdLoanType": "PFE",
                "prdTenorType": "M",
                "prdBussRule": "",
                "prdCoappFlag": "",
                "prdGuaFlag": "Y",
                "prdMoratoriumMax": "36",
                "prdAgeFrom": "",
                "prdAgeTo": "",
                "prdSubCat": "335",
                "prdSchemeId": "",
                "prdBranchList": ""
            },
            {
                "prdCode": "253",
                "prdSchemeCode": "",
                "prdDesc": "FPO Working Capital",
                "prdamtFromRange": "1",
                "prdamtToRange": "1000000000",
                "prdMainCat": "369",
                "prdNature": "CC",
                "prdTenorFrom": "1",
                "prdTenorTo": "12",
                "prdLoanType": "AFPO",
                "prdTenorType": "M",
                "prdBussRule": "",
                "prdCoappFlag": "Y",
                "prdGuaFlag": "Y",
                "prdMoratoriumMax": "0",
                "prdAgeFrom": "",
                "prdAgeTo": "",
                "prdSubCat": "372",
                "prdSchemeId": "",
                "prdBranchList": ""
            },
            {
                "prdCode": "189",
                "prdSchemeCode": "",
                "prdDesc": "Swarna Samridhi",
                "prdamtFromRange": "1",
                "prdamtToRange": "1000000",
                "prdMainCat": "128",
                "prdNature": "TL",
                "prdTenorFrom": "1",
                "prdTenorTo": "6",
                "prdLoanType": "SJL",
                "prdTenorType": "M",
                "prdBussRule": "",
                "prdCoappFlag": "Y",
                "prdGuaFlag": "Y",
                "prdMoratoriumMax": "",
                "prdAgeFrom": "18",
                "prdAgeTo": "100",
                "prdSubCat": "281",
                "prdSchemeId": "49",
                "prdBranchList": ""
            },
            {
                "prdCode": "76",
                "prdSchemeCode": "",
                "prdDesc": "AGTAJ",
                "prdamtFromRange": "1",
                "prdamtToRange": "5000000",
                "prdMainCat": "128",
                "prdNature": "TL",
                "prdTenorFrom": "12",
                "prdTenorTo": "36",
                "prdLoanType": "SJL",
                "prdTenorType": "M",
                "prdBussRule": "",
                "prdCoappFlag": "N",
                "prdGuaFlag": "N",
                "prdMoratoriumMax": "0",
                "prdAgeFrom": "18",
                "prdAgeTo": "100",
                "prdSubCat": "129",
                "prdSchemeId": "49",
                "prdBranchList": ""
            },
            {
                "prdCode": "124",
                "prdSchemeCode": "",
                "prdDesc": "Term Loan",
                "prdamtFromRange": "150000",
                "prdamtToRange": "2000000",
                "prdMainCat": "173",
                "prdNature": "TL",
                "prdTenorFrom": "12",
                "prdTenorTo": "60",
                "prdLoanType": "JLG",
                "prdTenorType": "M",
                "prdBussRule": "",
                "prdCoappFlag": "Y",
                "prdGuaFlag": "Y",
                "prdMoratoriumMax": "",
                "prdAgeFrom": "",
                "prdAgeTo": "",
                "prdSubCat": "187",
                "prdSchemeId": "78",
                "prdBranchList": ""
            },
            {
                "prdCode": "95",
                "prdSchemeCode": "",
                "prdDesc": "NULM -SHGs Term Loan",
                "prdamtFromRange": "100000",
                "prdamtToRange": "1000000",
                "prdMainCat": "150",
                "prdNature": "TL",
                "prdTenorFrom": "1",
                "prdTenorTo": "84",
                "prdLoanType": "SHG",
                "prdTenorType": "M",
                "prdBussRule": "",
                "prdCoappFlag": "Y",
                "prdGuaFlag": "Y",
                "prdMoratoriumMax": "8",
                "prdAgeFrom": "18",
                "prdAgeTo": "70",
                "prdSubCat": "151",
                "prdSchemeId": "61",
                "prdBranchList": ""
            },
            {
                "prdCode": "1556678",
                "prdSchemeCode": "33434",
                "prdDesc": "SHGLK TERM LOAN 2",
                "prdamtFromRange": "100000",
                "prdamtToRange": "2000000",
                "prdMainCat": "156",
                "prdNature": "TL",
                "prdTenorFrom": "3",
                "prdTenorTo": "24",
                "prdLoanType": "KCC",
                "prdTenorType": "M",
                "prdBussRule": "4830060",
                "prdCoappFlag": "Y",
                "prdGuaFlag": "Y",
                "prdMoratoriumMax": "1",
                "prdAgeFrom": "26",
                "prdAgeTo": "70",
                "prdSubCat": "157",
                "prdSchemeId": "",
                "prdBranchList": ""
            },
            {
                "prdCode": "1556662",
                "prdSchemeCode": "6192-1015",
                "prdDesc": "Kisan Credit Card",
                "prdamtFromRange": "1",
                "prdamtToRange": "1000000",
                "prdMainCat": "7",
                "prdNature": "OD",
                "prdTenorFrom": "1",
                "prdTenorTo": "84",
                "prdLoanType": "KCC",
                "prdTenorType": "M",
                "prdBussRule": "4830060",
                "prdCoappFlag": "Y",
                "prdGuaFlag": "Y",
                "prdMoratoriumMax": "0",
                "prdAgeFrom": "18",
                "prdAgeTo": "40",
                "prdSubCat": "8",
                "prdSchemeId": "",
                "prdBranchList": ""
            },
            {
                "prdCode": "100",
                "prdSchemeCode": "",
                "prdDesc": "NRLM Working Capital",
                "prdamtFromRange": "150000",
                "prdamtToRange": "2000000",
                "prdMainCat": "153",
                "prdNature": "CC",
                "prdTenorFrom": "1",
                "prdTenorTo": "12",
                "prdLoanType": "SHG",
                "prdTenorType": "M",
                "prdBussRule": "",
                "prdCoappFlag": "Y",
                "prdGuaFlag": "Y",
                "prdMoratoriumMax": "8",
                "prdAgeFrom": "18",
                "prdAgeTo": "70",
                "prdSubCat": "155",
                "prdSchemeId": "61",
                "prdBranchList": ""
            },
            {
                "prdCode": "374",
                "prdSchemeCode": "SAI1111",
                "prdDesc": "Test Agri Sub Facility",
                "prdamtFromRange": "1",
                "prdamtToRange": "100000",
                "prdMainCat": "431",
                "prdNature": "CC",
                "prdTenorFrom": "1",
                "prdTenorTo": "12",
                "prdLoanType": "KCC",
                "prdTenorType": "M",
                "prdBussRule": "1899330",
                "prdCoappFlag": "N",
                "prdGuaFlag": "N",
                "prdMoratoriumMax": "0",
                "prdAgeFrom": "1",
                "prdAgeTo": "65",
                "prdSubCat": "432",
                "prdSchemeId": "80328",
                "prdBranchList": ""
            },
            {
                "prdCode": "123",
                "prdSchemeCode": "",
                "prdDesc": "Term Loan",
                "prdamtFromRange": "150000",
                "prdamtToRange": "2000000",
                "prdMainCat": "173",
                "prdNature": "TL",
                "prdTenorFrom": "12",
                "prdTenorTo": "60",
                "prdLoanType": "JLG",
                "prdTenorType": "M",
                "prdBussRule": "",
                "prdCoappFlag": "Y",
                "prdGuaFlag": "Y",
                "prdMoratoriumMax": "",
                "prdAgeFrom": "",
                "prdAgeTo": "",
                "prdSubCat": "187",
                "prdSchemeId": "78",
                "prdBranchList": ""
            }
        ]
    },
    "errorCode": "000",
    "errorDesc": "Success",
    "version": "1"
}